,user_id,sweet,sour,bitter,alc,sparking
1,1,0.993902496,0.358103932,0.764297468,0.427249791,0.021560156
2,2,0.926181867,0.808558916,0.173201998,0.142514949,0.45738984
3,3,0.788712517,0.594272292,0.296327577,0.732812454,0.308953947
4,4,0.531768425,0.225989876,0.193680517,0.776237615,0.367394175
5,5,0.225134482,0.592935398,0.799385769,0.584226293,0.257492266
