user_id,sweet,sour,bitter,alc,sparking
1,0.9261818670581048,0.8085589163068044,0.17320199819317927,0.1425149488799229,0.45738984019197737
2,0.7887125172586112,0.5942722921238678,0.29632757687892275,0.7328124543796347,0.30895394719655445
3,0.5317684249065033,0.2259898757997828,0.1936805171746382,0.7762376149958639,0.367394174660738
4,0.22513448195139107,0.5929353984495419,0.7993857693953995,0.5842262927734234,0.25749226649662194
5,0.7807946404341933,0.7337288378650422,0.13399564283790855,0.4080444244434578,0.5145722085761645
